종목코드,종목명,정규장종가,정규장거래량,시가총액,거래대금
000660,SK하이닉스,1846000,1670275,1348488905790000,3083327650000
005930,삼성전자,282500,9049059,1651573706760000,2556359167500
005935,삼성전자우,217000,2968600,174114551051000,644186200000
402340,SK스퀘어,1167000,430670,153955305666000,502591890000
009150,삼성전기,1480000,301473,110546670080000,446180040000
0010S0,와이즈플래닛컴퍼니,39050,8679166,391282171500,338921432300
240810,원익IPS,132900,2071223,6523250442900,275265536700
356680,엑스게이트,18800,14184479,536617649600,266668205200
034020,두산에너빌리티,81500,2674786,52205733399000,217995059000
030530,원익홀딩스,28550,5759887,2205144357550,164444773850
072950,빛샘전자,14880,9735100,119822836800,144858288000
006400,삼성SDI,512000,243489,41259791360000,124666368000
010170,대한광통신,17740,6687634,2758315608400,118638627160
047040,대우건설,17600,6672047,7231974428800,117428027200
035420,NAVER,196100,556687,29825705760900,109166320700
005380,현대차,353000,264205,71823671676000,93264365000
093370,후성,13970,6276515,1498356960100,87682914550
000720,현대건설,121650,716028,13546428812250,87104806200
115440,우리넷,12120,6965160,130826819040,84417739200
096770,SK이노베이션,147300,557320,24901475672400,82093236000
003490,대한항공,31300,2539195,11525305061700,79476803500
353200,대덕전자,113200,697549,5593995910000,78962546800
036930,주성엔지니어링,206000,379666,9575110926000,78211196000
046970,우리로,8140,9583368,356735491860,78008615520
387690,레메디,18500,4108353,141077133500,76004530500
009830,한화솔루션,28800,2603414,6476905036800,74978323200
0161M0,네오사피엔스,25950,2662144,317001177750,69082636800
440110,파두,79800,851358,3998859954600,67938368400
028050,삼성E&A,48700,1375441,9545200000000,66983976700
001820,삼화콘덴서,147300,446760,1531183500000,65807748000
066570,LG전자,210000,303353,34205773980000,63704130000
001440,대한전선,30800,2065874,6036571956800,63628919200
386380,스카이랩스,23150,2745581,434339767550,63560200150
058470,리노공업,72200,873461,5502495570000,63063884200
003670,포스코퓨처엠,183400,328784,16312736748000,60298985600
000150,두산,1470000,40528,23804937450000,59576160000
201490,미투온,3880,15249053,126968056880,59166325640
105560,KB금융,173700,339881,61609259395800,59037329700
012450,한화에어로스페이스,1020000,55514,52594669020000,56624280000
010060,OCI홀딩스,201000,274545,3752716632000,55183545000
007660,이수페타시스,117900,466179,8654946920100,54962504100
028260,삼성물산,369500,146782,59920921179500,54235949000
103590,일진전기,80200,653254,3824368278000,52390970800
950260,인제니아테라퓨틱스(Reg.S),23400,2217874,1157003803800,51898251600
006360,GS건설,34700,1464423,2969677703000,50815478100
222800,심텍,147850,341914,5689937169100,50551984900
373220,LG에너지솔루션,350500,136796,82017000000000,47946998000
043260,성호전자,26250,1772744,1980611010000,46534530000
403870,HPSP,55000,827821,4526500000000,45530155000
003230,삼양식품,1214000,36719,9145080210000,44576866000
080220,제주반도체,76700,579402,2641765291100,44440133400
298040,효성중공업,2835000,15552,26435093580000,44089920000
108490,로보티즈,299000,145603,4385441372000,43535297000
067310,하나마이크론,45850,925906,3048606343650,42452790100
042700,한미반도체,239000,172812,22779615800000,41302068000
055550,신한지주,110100,372656,51686471313900,41029425600
092870,엑시콘,43200,935674,563794430400,40421116800
329180,HD현대중공업,440500,91237,46235419612500,40189898500
089970,브이엠,61600,648358,1621728724000,39938852800
069540,빛과전자,4080,9766615,459782939760,39847789200
052690,한전기술,130400,304821,4983888000000,39748658400
321370,센서뷰,1820,21687517,128532496820,39471280940
278470,에이피알,370000,102844,13852117350000,38052280000
203650,드림시큐리티,2825,13325107,287315167300,37643427275
036540,SFA반도체,10430,3600020,1715320960290,37548208600
010120,LS ELECTRIC,204000,180634,30600000000000,36849336000
042660,한화오션,79700,459309,24421147501800,36606927300
486990,노타,20150,1815079,431057464500,36573841850
393210,토마토시스템,4305,8019704,67220611920,34524825720
011070,LG이노텍,526000,65565,12448898282000,34487190000
000270,기아,115500,293949,45092701269000,33951109500
010950,S-Oil,155400,216638,17495365876800,33665545200
032830,삼성생명,293000,114809,58600000000000,33639037000
303810,동국생명과학,3005,10828030,96112340700,32538230150
229640,LS에코에너지,63600,509530,1947742304400,32406108000
446540,메가터치,11270,2866649,327721580970,32307134230
196170,알테오젠,249500,127530,17378955683500,31818735000
253590,네오셈,13850,2269222,607587921400,31428724700
089030,테크윙,48700,640528,1804512511500,31193713600
095610,테스,155700,200126,3014352000000,31159618200
012330,현대모비스,366000,84894,32874334110000,31071204000
272210,한화시스템,74300,411626,14036710602700,30583811800
086790,하나금융지주,132800,226007,35984804048000,30013729600
000500,가온전선,315000,93636,9379946205000,29495340000
007810,코리아써키트,63400,463958,1520498108000,29414937200
128940,한미약품,523000,54899,6700148293000,28712177000
005490,POSCO홀딩스,310500,92331,24604494133500,28668775500
058610,에스피지,100700,278764,2233260152000,28071534800
322000,HD현대에너지솔루션,119300,231030,1336160000000,27561879000
319660,피에스케이,138100,199433,4000303203400,27541697300
419050,삼기에너지솔루션즈,1859,14648245,106327810160,27231087455
456010,아이씨티케이,22900,1145011,332103815000,26220751900
032820,우리기술,12940,2012506,2235832879280,26041827640
000990,DB하이텍,130400,198666,5672998275200,25906046400
066970,엘앤에프,108700,238280,4422588200800,25901036000
012210,삼미금속,12460,2064261,287222674340,25720692060
267270,HD건설기계,130500,195704,6198408873000,25539372000
017670,SK텔레콤,86800,291784,18643776600400,25326851200
034730,SK,593000,40691,42994102879000,24129763000
068270,셀트리온,177500,133274,41289548740000,23656135000
158430,아톤,5780,3939862,141506491760,22772402360
017900,광전자,10220,2210337,592185257860,22589644140
083650,비에이치아이,60000,368856,1856662500000,22131360000
352820,하이브,156000,141544,6724666416000,22080864000
064400,LG씨엔에스,69600,316626,6743261980800,22037169600
207940,삼성바이오로직스,1370000,15899,63418602870000,21781630000
024110,기업은행,20400,1054016,16267487727600,21501926400
016360,삼성증권,91400,235229,8162020000000,21499930600
035720,카카오,33925,623355,15028771709275,21147318375
316140,우리금융지주,35550,588157,26192762101350,20908981350
267260,HD현대일렉트릭,702000,29603,25305088770000,20781306000
082740,한화엔진,47750,427269,3984601030500,20402094750
080580,오킨스전자,25000,810940,527273875000,20273500000
033780,KT&G,175400,115425,18208353982400,20245545000
483650,달바글로벌,182100,110908,2281196746500,20196346800
247540,에코프로비엠,104800,190891,10252629483200,20005376800
159010,아스플로,30450,655610,406042802550,19963324500
054920,한컴위드,4985,3975316,140662148785,19816950260
161890,한국콜마,148300,132682,3500632919100,19676740600
475150,SK이터닉스,50400,385168,1716977001600,19412467200
010140,삼성중공업,20225,959218,17798000000000,19400184050
086280,현대글로비스,196700,97421,14752500000000,19162710700
034220,LG디스플레이,8500,2211369,4250000000000,18796636500
079550,LIG디펜스앤에어로스페이스,692000,27095,15224000000000,18749740000
299660,셀리드,2755,6769452,81280701635,18649840260
015760,한국전력,30350,604082,19483609736950,18333888700
417840,저스템,16720,1046802,383668506320,17502529440
347700,스피어,23600,740866,1216612143200,17484437600
000810,삼성화재,646000,26899,28842267558000,17376754000
084370,유진테크,157400,108368,3606985010800,17057123200
086520,에코프로,79500,214001,10794204084000,17013079500
003160,디아이,36500,461892,1032950000000,16859058000
375500,DL이앤씨,81100,206343,3138052825300,16734417300
071050,한국금융지주,185700,90087,10348316714400,16729155900
232140,와이씨,14220,1166487,1166684877000,16587445140
004020,현대제철,32850,495991,4383694037250,16293304350
336260,두산퓨얼셀,47400,342318,3104402612400,16225873200
078930,GS,108400,146963,10069871658000,15930789200
347850,디앤디파마텍,44500,357621,2046830410500,15914134500
051910,LG화학,253500,61714,17895158950500,15644499000
039030,이오테크닉스,471500,33084,5808667825000,15599106000
327260,RF머트리얼즈,47050,330544,846374874950,15552095200
006800,미래에셋증권,32050,482010,17403824684550,15448420500
468530,프로티나,47400,325588,526384015200,15432871200
204270,제이앤티씨,24100,626588,1394148030600,15100770800
079370,제우스,12600,1195691,390814074000,15065706600
281820,케이씨텍,87000,172161,1722483507000,14978007000
006340,대원전선,13510,1079576,1059378760160,14585071760
009540,HD한국조선해양,333000,43742,23567447628000,14566086000
437730,삼현,52000,274719,1648793484000,14285388000
006260,LS,320500,43290,9999600000000,13874445000
0039P0,매드업,7840,1763603,147450016000,13826647520
005830,DB손해보험,184100,72949,12058614250900,13429910900
062040,산일전기,202000,66440,6189855700000,13420880000
086450,동국제약,21500,611691,972454030000,13151356500
257720,실리콘투,39100,332317,2564031453200,12993594700
356860,티엘비,43900,295658,1040485314000,12979386200
098460,고영,28900,444519,1971101755700,12846599100
298380,에이비엘바이오,50500,251665,2827366881500,12709082500
042000,카페24,17800,706818,430371408200,12581360400
475830,오름테라퓨틱,25650,487434,557962295400,12502682100
274090,켄코아에어로스페이스,13050,953439,179753401350,12442378950
119850,지엔씨에너지,56200,220764,924428685800,12406936800
064350,현대로템,114900,106524,12540449465700,12239607600
144960,뉴파워프라즈마,12730,959806,556207103520,12218330380
277810,레인보우로보틱스,433000,28127,8400138514000,12178991000
058860,KTis,2640,4593872,91877280000,12127822080
125490,한라캐스트,12080,999585,440948412160,12074986800
098120,마이크로컨텍솔,59400,196304,493778300400,11660457600
218410,RFHIC,59000,195586,1567951078000,11539574000
454910,두산로보틱스,69700,165402,4517952606000,11528519400
394800,쓰리빌리언,5480,2080257,174387590440,11399808360
012030,DB,1680,6773824,337972207440,11380024320
047050,포스코인터내셔널,55000,204017,9675753340000,11220935000
267250,HD현대,203500,53835,16075092797500,10955422500
131290,티에스이,284000,38248,3141445836000,10862432000
047810,한국항공우주,127700,84143,12447571163900,10745061100
131970,두산테스나,92200,115693,1781971343600,10666894600
018260,삼성에스디에스,218000,48639,16868360400000,10603302000
090710,휴림로봇,6330,1663988,756808653570,10533044040
178320,서진시스템,31950,321119,2035965473550,10259752050
138930,BNK금융지주,16020,634092,4915572811020,10158153840
192820,코스맥스,272000,36886,3087066448000,10032992000
095340,ISC,207500,47373,4398389535000,9829897500
027360,아주IB투자,4005,2451165,485187351030,9816915825
319400,현대무벡스,20900,462500,2327759215100,9666250000
050890,쏠리드,9660,998998,586908118440,9650320680
033160,엠케이전자,16220,592021,398429020760,9602580620
052710,아모텍,19050,488699,355869240000,9309715950
295310,에이치브이엠,62500,148641,775284875000,9290062500
004170,신세계,350500,26293,3310535940500,9215696500
024840,KBI메탈,6320,1453871,274707439440,9188464720
307950,현대오토에버,376500,24350,10325129223000,9167775000
090430,아모레퍼시픽,143400,63884,8387861640600,9160965600
009155,삼성전기우,508000,17931,1476747872000,9108948000
001210,금호전기,9890,917691,123885759740,9075963990
122350,삼기,1613,5386583,61841497364,8688558379
039490,키움증권,267500,32010,7016074530000,8562675000
009580,무림P&P,1866,4569691,116379292584,8527043406
005387,현대차2우B,176500,48210,6046368795500,8509065000
031980,피에스케이홀딩스,159600,52723,3441358242000,8414590800
036570,NC,213250,39249,4594262691500,8369849250
214450,파마리서치,325000,25650,3376635600000,8336250000
170920,엘티씨,38850,207369,410416295100,8056285650
488280,에스투더블유,15760,505167,170609659360,7961431920
138040,메리츠금융지주,125600,62303,21018817488800,7825256800
417030,니어스랩,35050,221628,202503337800,7768061400
323280,태성,45500,169724,1389478090000,7722442000
004310,현대약품,8910,858906,285120000000,7652852460
005290,동진쎄미켐,43950,173839,2240137037700,7640224050
028300,HLB,30700,246615,4089185446100,7571080500
140860,파크시스템스,264500,28527,1852153050500,7545391500
012200,계양전기,3335,2260058,90788134715,7537293430
361610,SK아이이테크놀로지,17020,436828,1392016442000,7434812560
064290,인텍플러스,54900,133739,711371032200,7342271100
025980,아난티,5140,1426739,500127088600,7333438460
032940,원익,9420,761527,171379765020,7173584340
140410,메지온,82500,85320,2526288105000,7038900000
077360,덕산하이메탈,13340,525182,606129606680,7005927880
062970,한국첨단소재,3115,2244557,93831347645,6991795055
299170,더블유에스아이,1376,5078627,57119532288,6988190752
000250,삼천당제약,165100,42325,3872828627200,6987857500
332570,PS일렉트로닉스,8860,779965,407033742580,6910489900
100590,머큐리,5110,1342237,87583074950,6858831070
078350,한양디지텍,27050,252434,412360533100,6828339700
005690,파미셀,12480,545790,748850094720,6811459200
252990,샘씨엔에스,18290,371320,1101385189810,6791442800
183300,코미코,31200,216401,1602534180000,6751711200
255220,SG,1157,5804456,126764740414,6715755592
226950,올릭스,102100,65174,2322830031900,6654265400
042510,라온시큐어,11070,600774,122941515960,6650568180
067290,JW신약,3175,2087638,177917802025,6628250650
002990,금호건설,13000,504227,484379662000,6554951000
323410,카카오뱅크,20050,325505,9566264761850,6526375250
195870,해성디에스,61500,105907,1045500000000,6513280500
044450,KSS해운,11480,564362,259189987000,6478875760
117730,티로보틱스,14120,457844,318519567160,6464757280
417200,LS머트리얼즈,13430,478017,908575210370,6419768310
003550,LG,113100,56064,17099815652400,6340838400
950160,코오롱티슈진,15520,407414,1318736883200,6323065280
217590,티엠씨,14380,428390,346474955500,6160248200
073240,금호타이어,6520,939145,1872937071240,6123225400
126340,비나텍,85500,71278,613925397000,6094269000
141080,리가켐바이오,80500,74938,2980063149000,6032509000
138080,오이솔루션,28500,210263,352766103000,5992495500
122640,예스티,32250,185250,698255231250,5974312500
088350,한화생명,5620,1056225,4881138600000,5935984500
041190,우리기술투자,5950,992051,474810000000,5902703450
112610,씨에스윈드,49700,118438,2095918729100,5886368600
487400,케이앤에스아이앤씨,7310,802960,75007047420,5869637600
000100,유한양행,74100,78266,5454929372100,5799510600
232830,아이티센피엔에스,3340,1731668,55222644840,5783771120
005090,SGC에너지,49300,117270,710380116900,5781411000
399720,가온칩스,47300,122200,560923321200,5780060000
462860,더즌,3010,1912084,216021990030,5755372840
011200,HMM,20975,272525,19784416420750,5716211875
420770,기가비스,121500,46872,1540104597000,5694948000
0155E0,해치텍,13070,433448,71717050500,5665165360
087010,펩트론,145300,38751,3388010955000,5630520300
028670,팬오션,5660,992327,3025663437920,5616570820
071970,HD현대마린엔진,48600,114943,1648584657000,5586229800
443060,HD현대마린솔루션,241000,23112,10804863860000,5569992000
097950,CJ제일제당,176100,31602,2651042154600,5565112200
109670,씨싸이트,10760,514542,62801837520,5536471920
090460,비에이치,19890,273259,670522490820,5435121510
018880,한온시스템,3245,1668079,3330185604790,5412916355
001450,현대해상,47450,114055,4045029462500,5411909750
478340,나라스페이스테크놀로지,13970,381911,162197497550,5335296670
450080,에코프로머티,34750,152471,2460781982500,5298367250
120110,코오롱인더,53600,97154,1605107315200,5207454400
100790,미래에셋벤처투자,17700,291294,940234230600,5155903800
161390,한국타이어앤테크놀로지,57100,90108,7073266439900,5145166800
204320,HL만도,45100,113692,2117766112000,5127509200
010580,에스엠벡셀,2795,1826181,310948669200,5104175895
032640,LG유플러스,14670,347252,6226354828440,5094186840
425040,티이엠씨,12520,405762,274474682960,5080140240
021240,코웨이,98000,51720,6935207748000,5068560000
036460,한국가스공사,35600,141511,3286342800000,5037791600
328130,루닛,9930,505034,739369727400,5014987620
354320,알멕,40900,122299,261407482900,5002029100
011790,SKC,88300,55728,4379529713400,4920782400
042370,비츠로테크,10850,446333,284270271250,4842713050
380550,뉴로핏,7950,600122,96980984700,4770969900
357780,솔브레인,353000,13330,2745833798000,4705490000
059090,미코,22600,204396,755219182800,4619349600
100840,SNT에너지,36900,125185,763120892700,4619326500
033790,피노,7350,618677,612415869450,4547275950
024060,흥구석유,12510,363082,187650000000,4542155820
090360,로보스타,78600,57458,766350000000,4516198800
005940,NH투자증권,26050,171205,9617819035250,4459890250
023530,롯데쇼핑,104700,42476,2961832648500,4447237200
044490,태웅,37750,117236,755278632750,4425659000
053800,안랩,73500,59935,817798191000,4405222500
082920,비츠로셀,27650,159291,1248106539050,4404396150
002380,KCC,472000,9290,4055846912000,4384880000
005180,빙그레,84900,51264,750668904900,4352313600
388050,지투파워,10290,419907,192520106730,4320843030
001040,CJ,130900,32664,3819269038200,4275717600
452280,한선엔지니어링,13450,317645,258881161500,4272325250
092790,넥스틸,13500,314770,351027000000,4249395000
